,precision,recall,f1-score,support
cancelacion,0.6666666666666666,0.6666666666666666,0.6666666666666666,3.0
consulta_academica,0.5,0.3333333333333333,0.4,3.0
pago,0.5,0.3333333333333333,0.4,3.0
soporte-tecnico,0.0,0.0,0.0,1.0
soporte_tecnico,0.6666666666666666,1.0,0.8,2.0
tramite_escolar,0.4,0.6666666666666666,0.5,3.0
accuracy,0.5333333333333333,0.5333333333333333,0.5333333333333333,0.5333333333333333
macro avg,0.4555555555555555,0.49999999999999994,0.4611111111111111,15.0
weighted avg,0.5022222222222222,0.5333333333333333,0.5,15.0
