id,texto,tipo_esperado,raiz_detectada,sujeto_detectado,objeto_detectado,dependencias_principales,posible_dificultad,observacion_automatica
51,Vi al estudiante con el telescopio,ambigua,['Vi'],No detectado,estudiante,"ROOT(Vi, Vi) | case(estudiante, al) | obj(Vi, estudiante) | case(telescopio, con) | det(telescopio, el)",Baja,Estructura analizada sin anomalías.
52,El profesor calificó el proyecto difícil,ambigua,['calificó'],profesor,proyecto,"det(profesor, El) | nsubj(calificó, profesor) | ROOT(calificó, calificó) | det(proyecto, el) | obj(calificó, proyecto)",Baja,Estructura analizada sin anomalías.
53,El gobierno anunció inversión en hospitales,ambigua,['anunció'],gobierno,inversión,"det(gobierno, El) | nsubj(anunció, gobierno) | ROOT(anunció, anunció) | obj(anunció, inversión) | case(hospitales, en)",Baja,Estructura analizada sin anomalías.
54,La alumna observó al investigador con la cámara,ambigua,['observó'],alumna,investigador,"det(alumna, La) | nsubj(observó, alumna) | ROOT(observó, observó) | case(investigador, al) | obj(observó, investigador)",Baja,Estructura analizada sin anomalías.
55,El docente revisó el reporte con errores,ambigua,['revisó'],docente,reporte,"det(docente, El) | nsubj(revisó, docente) | ROOT(revisó, revisó) | det(reporte, el) | obj(revisó, reporte)",Baja,Estructura analizada sin anomalías.
56,El sistema analizó documentos de alumnos avanzados,ambigua,['analizó'],sistema,documentos,"det(sistema, El) | nsubj(analizó, sistema) | ROOT(analizó, analizó) | obj(analizó, documentos) | case(alumnos, de)",Baja,Estructura analizada sin anomalías.
57,La profesora explicó la práctica con ejemplos complejos,ambigua,['explicó'],profesora,"práctica, complejos","det(profesora, La) | nsubj(explicó, profesora) | ROOT(explicó, explicó) | det(práctica, la) | obj(explicó, práctica)",Baja,Estructura analizada sin anomalías.
58,El estudiante presentó el análisis del modelo nuevo,ambigua,['presentó'],estudiante,análisis,"det(estudiante, El) | nsubj(presentó, estudiante) | ROOT(presentó, presentó) | det(análisis, el) | obj(presentó, análisis)",Baja,Estructura analizada sin anomalías.
59,El parser procesó la oración con la herramienta,ambigua,['procesó'],parser,oración,"det(parser, El) | nsubj(procesó, parser) | ROOT(procesó, procesó) | det(oración, la) | obj(procesó, oración)",Baja,Estructura analizada sin anomalías.
60,El equipo evaluó el resultado del programa automático,ambigua,['evaluó'],equipo,resultado,"det(equipo, El) | nsubj(evaluó, equipo) | ROOT(evaluó, evaluó) | det(resultado, el) | obj(evaluó, resultado)",Baja,Estructura analizada sin anomalías.
61,La universidad publicó resultados de estudiantes sobresalientes,ambigua,['publicó'],universidad,resultados,"det(universidad, La) | nsubj(publicó, universidad) | ROOT(publicó, publicó) | obj(publicó, resultados) | case(estudiantes, de)",Baja,Estructura analizada sin anomalías.
62,El algoritmo detectó relaciones entre textos similares,ambigua,['detectó'],algoritmo,relaciones,"det(algoritmo, El) | nsubj(detectó, algoritmo) | ROOT(detectó, detectó) | obj(detectó, relaciones) | case(textos, entre)",Baja,Estructura analizada sin anomalías.
63,El alumno revisó el archivo con la profesora,ambigua,['revisó'],alumno,archivo,"det(alumno, El) | nsubj(revisó, alumno) | ROOT(revisó, revisó) | det(archivo, el) | obj(revisó, archivo)",Baja,Estructura analizada sin anomalías.
64,La investigadora describió el experimento con precisión,ambigua,['describió'],investigadora,experimento,"det(investigadora, La) | nsubj(describió, investigadora) | ROOT(describió, describió) | det(experimento, el) | obj(describió, experimento)",Baja,Estructura analizada sin anomalías.
65,El sistema clasificó noticias sobre estudiantes destacados,ambigua,['clasificó'],sistema,noticias,"det(sistema, El) | nsubj(clasificó, sistema) | ROOT(clasificó, clasificó) | obj(clasificó, noticias) | case(estudiantes, sobre)",Baja,Estructura analizada sin anomalías.
66,La docente observó al grupo con atención,ambigua,['observó'],docente,grupo,"det(docente, La) | nsubj(observó, docente) | ROOT(observó, observó) | case(grupo, al) | obj(observó, grupo)",Baja,Estructura analizada sin anomalías.
67,El programa analizó la oración del alumno nuevo,ambigua,['analizó'],programa,oración,"det(programa, El) | nsubj(analizó, programa) | ROOT(analizó, analizó) | det(oración, la) | obj(analizó, oración)",Baja,Estructura analizada sin anomalías.
68,El reporte mostró resultados de modelos recientes,ambigua,['mostró'],reporte,resultados,"det(reporte, El) | nsubj(mostró, reporte) | ROOT(mostró, mostró) | obj(mostró, resultados) | case(modelos, de)",Baja,Estructura analizada sin anomalías.
69,La coordinación publicó avisos para alumnos inscritos,ambigua,['publicó'],coordinación,avisos,"det(coordinación, La) | nsubj(publicó, coordinación) | ROOT(publicó, publicó) | obj(publicó, avisos) | case(alumnos, para)",Baja,Estructura analizada sin anomalías.
70,El profesor explicó reglas para estudiantes avanzados,ambigua,['explicó'],profesor,reglas,"det(profesor, El) | nsubj(explicó, profesor) | ROOT(explicó, explicó) | obj(explicó, reglas) | case(estudiantes, para)",Baja,Estructura analizada sin anomalías.
71,La herramienta detectó errores con el módulo nuevo,ambigua,['detectó'],herramienta,errores,"det(herramienta, La) | nsubj(detectó, herramienta) | ROOT(detectó, detectó) | obj(detectó, errores) | case(módulo, con)",Baja,Estructura analizada sin anomalías.
72,El alumno entregó el documento del proyecto final,ambigua,['entregó'],alumno,documento,"det(alumno, El) | nsubj(entregó, alumno) | ROOT(entregó, entregó) | det(documento, el) | obj(entregó, documento)",Baja,Estructura analizada sin anomalías.
73,El modelo revisó textos de noticias locales,ambigua,['revisó'],modelo,textos,"det(modelo, El) | nsubj(revisó, modelo) | ROOT(revisó, revisó) | obj(revisó, textos) | case(noticias, de)",Baja,Estructura analizada sin anomalías.
74,La plataforma mostró respuestas de estudiantes activos,ambigua,['mostró'],plataforma,respuestas,"det(plataforma, La) | nsubj(mostró, plataforma) | ROOT(mostró, mostró) | obj(mostró, respuestas) | case(estudiantes, de)",Baja,Estructura analizada sin anomalías.
75,El equipo comparó ejemplos con estructuras ambiguas,ambigua,['comparó'],equipo,ejemplos,"det(equipo, El) | nsubj(comparó, equipo) | ROOT(comparó, comparó) | obj(comparó, ejemplos) | case(ambiguas, con)",Baja,Estructura analizada sin anomalías.
